Avenida 63;63;63;;0;Unknown;-;-
Avenida 75;75;75;;0;Unknown;-;-
Avenida 15;15;15;;0;Unknown;-;-
Avenida 57;57;57;;0;Unknown;-;-
Diagonal 47;Diagonal 47;Diagonal;47;0;Unknown;-;-
Vía 121;121;121;;0;Unknown;-;-
Calle 74;74;74;;0;Unknown;-;-
Calle 40;40;40;;0;Unknown;-;-
Calle 54;54;54;;0;Unknown;-;-
Calle 54;54;54;;0;Unknown;-;-
Calle 43;43;43;;0;Unknown;-;-
Calle 76;76;76;;0;Unknown;-;-
Avenida 19;19;19;;0;Unknown;-;-
Calle 64;64;64;;0;Unknown;-;-
Calle 62;62;62;;0;Unknown;-;-
Calle 60;60;60;;0;Unknown;-;-
Calle 52;52;52;;0;Unknown;-;-
Calle 52;52;52;;0;Unknown;-;-
Calle 56;56;56;;0;Unknown;-;-
Avenida 21A;21A;21A;;0;Unknown;-;-
Calle 66;66;66;;0;Unknown;-;-
Calle 41A;41A;41A;;0;Unknown;-;-
Calle 60;60;60;;0;Unknown;-;-
Avenida 0;0;0;;0;Unknown;-;-
Avenida 2;2;2;;0;Unknown;-;-
Avenida 5A;5A;5A;;0;Unknown;-;-
Avenida 5A;5A;5A;;0;Unknown;-;-
Calle 32;32;32;;0;Unknown;-;-
Transversal 80;Transversal 80;Transversal;80;0;Unknown;-;-
Diagonal 8;Diagonal 8;Diagonal;8;0;Unknown;-;-
Vía 121;121;121;;0;Unknown;-;-
Avenida 45;45;45;;0;Unknown;-;-
Caller 78;r 78;r;78;0;Unknown;-;-
Doagonal 2A;Doagonal 2A;Doagonal;2A;0;Unknown;-;-
Calle 76;76;76;;0;Unknown;-;-
Calle 54A;54A;54A;;0;Unknown;-;-
Avenida 39B;39B;39B;;0;Unknown;-;-
Calle 68;68;68;;0;Unknown;-;-
Avenida 39A;39A;39A;;0;Unknown;-;-
Vía 121;121;121;;0;Unknown;-;-
Transversal 46;Transversal 46;Transversal;46;0;Unknown;-;-
Calle 46;46;46;;0;Unknown;-;-
Avenida 19;19;19;;0;Unknown;-;-
Autopista José María Castro Madriz;pista José María Castro Madriz;pista;José;-2;Male;-;-
Calle 76A;76A;76A;;0;Unknown;-;-
Calle 80;80;80;;0;Unknown;-;-
Avenida 7;7;7;;0;Unknown;-;-
Calle 48A;48A;48A;;0;Unknown;-;-
Calle 48;48;48;;0;Unknown;-;-
Calle 78;78;78;;0;Unknown;-;-
Avenida 2;2;2;;0;Unknown;-;-
Avenida 11;11;11;;0;Unknown;-;-
Calle 40;40;40;;0;Unknown;-;-
Avenida 41;41;41;;0;Unknown;-;-
Calle 52;52;52;;0;Unknown;-;-
Calle 52;52;52;;0;Unknown;-;-
Calle 46A;46A;46A;;0;Unknown;-;-
Calle 52;52;52;;0;Unknown;-;-
Calle 50A;50A;50A;;0;Unknown;-;-
Calle 52B;52B;52B;;0;Unknown;-;-
Diagonal 25;Diagonal 25;Diagonal;25;0;Unknown;-;-
Calle 88;88;88;;0;Unknown;-;-
Diagonal 3;Diagonal 3;Diagonal;3;0;Unknown;-;-
Avenida 57A;57A;57A;;0;Unknown;-;-
Calle 92;92;92;;0;Unknown;-;-
Calle 52A;52A;52A;;0;Unknown;-;-
Avenida 14;14;14;;0;Unknown;-;-
Avenida 59;59;59;;0;Unknown;-;-
Calle 94;94;94;;0;Unknown;-;-
Calle 48A;48A;48A;;0;Unknown;-;-
Avenida 7;7;7;;0;Unknown;-;-
Avenida 59A;59A;59A;;0;Unknown;-;-
Calle 50;50;50;;0;Unknown;-;-
Calle 46B;46B;46B;;0;Unknown;-;-
Calle 92A;92A;92A;;0;Unknown;-;-
Transversal 66;Transversal 66;Transversal;66;0;Unknown;-;-
Calle 68;68;68;;0;Unknown;-;-
Avenida 3;3;3;;0;Unknown;-;-
Calle 66;66;66;;0;Unknown;-;-
Radial Colón;Radial Colón;Radial;Colón;0;Unknown;-;-
Autopista Próspero Fernández;pista Próspero Fernández;pista;Próspero;-2;Male;-;-
Radial Colón;Radial Colón;Radial;Colón;0;Unknown;-;-
Avenida 1;1;1;;0;Unknown;-;-
Calle 72;72;72;;0;Unknown;-;-
Calle 82;82;82;;0;Unknown;-;-
Diagonal 39;Diagonal 39;Diagonal;39;0;Unknown;-;-
Calle 54;54;54;;0;Unknown;-;-
Calle 58;58;58;;0;Unknown;-;-
Calle 54;54;54;;0;Unknown;-;-
Calle 60;60;60;;0;Unknown;-;-
Radial San Antonio;Radial San Antonio;Radial;San;-2;Male;-;-
Calle 46;46;46;;0;Unknown;-;-
Calle 32;32;32;;0;Unknown;-;-
Calle 52B;52B;52B;;0;Unknown;-;-
Diagonal 26;Diagonal 26;Diagonal;26;0;Unknown;-;-
Avenida 28;28;28;;0;Unknown;-;-
Calle 32;32;32;;0;Unknown;-;-
Calle 54;54;54;;0;Unknown;-;-
Avenida 17;17;17;;0;Unknown;-;-
Calle 86;86;86;;0;Unknown;-;-
Calle 102;102;102;;0;Unknown;-;-
Avenida 15;15;15;;0;Unknown;-;-
Avenida 11A;11A;11A;;0;Unknown;-;-
Avenida 11;11;11;;0;Unknown;-;-
Diagonal 13;Diagonal 13;Diagonal;13;0;Unknown;-;-
Avenida 15;15;15;;0;Unknown;-;-
Radial Colón;Radial Colón;Radial;Colón;0;Unknown;-;-
Barrio Los Angeles;Barrio Los Angeles;Barrio;Los;2;Female;-;-
Radial Colón;Radial Colón;Radial;Colón;0;Unknown;-;-
Avenida 45;45;45;;0;Unknown;-;-
Avenida 43A;43A;43A;;0;Unknown;-;-
Calle 54;54;54;;0;Unknown;-;-
Calle 98;98;98;;0;Unknown;-;-
Autopista José María Castro Madriz;pista José María Castro Madriz;pista;José;-2;Male;-;-
Calle 50;50;50;;0;Unknown;-;-
Barrio Los Angeles;Barrio Los Angeles;Barrio;Los;2;Female;-;-
Barrio Los Angeles;Barrio Los Angeles;Barrio;Los;2;Female;-;-
Autopista Próspero Fernández;pista Próspero Fernández;pista;Próspero;-2;Male;-;-
Autopista Próspero Fernández;pista Próspero Fernández;pista;Próspero;-2;Male;-;-
Autopista Próspero Fernández;pista Próspero Fernández;pista;Próspero;-2;Male;-;-
Autopista Próspero Fernández;pista Próspero Fernández;pista;Próspero;-2;Male;-;-
Autopista Próspero Fernández;pista Próspero Fernández;pista;Próspero;-2;Male;-;-
Autopista Próspero Fernández;pista Próspero Fernández;pista;Próspero;-2;Male;-;-
Autopista Próspero Fernández;pista Próspero Fernández;pista;Próspero;-2;Male;-;-
Autopista Próspero Fernández;pista Próspero Fernández;pista;Próspero;-2;Male;-;-
Avenida 21;21;21;;0;Unknown;-;-
Calle 94;94;94;;0;Unknown;-;-
Diagonal 5;Diagonal 5;Diagonal;5;0;Unknown;-;-
Avenida 12;12;12;;0;Unknown;-;-
Calle 76B;76B;76B;;0;Unknown;-;-
Avenida 8;8;8;;0;Unknown;-;-
Calle 76;76;76;;0;Unknown;-;-
Transversal 106;Transversal 106;Transversal;106;0;Unknown;-;-
Avenida 5;5;5;;0;Unknown;-;-
Avenida 35A;35A;35A;;0;Unknown;-;-
Calle 110;110;110;;0;Unknown;-;-
Avenidas 3;s 3;s;3;0;Unknown;-;-
Calle 82;82;82;;0;Unknown;-;-
Avenida 12;12;12;;0;Unknown;-;-
Calle 58;58;58;;0;Unknown;-;-
Calle 56;56;56;;0;Unknown;-;-
Avenida 21;21;21;;0;Unknown;-;-
Avenida 25;25;25;;0;Unknown;-;-
Calle 66;66;66;;0;Unknown;-;-
Avenida 23;23;23;;0;Unknown;-;-
Avenida 15;15;15;;0;Unknown;-;-
Calle 58;58;58;;0;Unknown;-;-
Avenida 25;25;25;;0;Unknown;-;-
Calle 54;54;54;;0;Unknown;-;-
Avenida 15;15;15;;0;Unknown;-;-
Transversal 40;Transversal 40;Transversal;40;0;Unknown;-;-
Avenida 0;0;0;;0;Unknown;-;-
Avenida 37;37;37;;0;Unknown;-;-
Calle 54;54;54;;0;Unknown;-;-
Radial Colón;Radial Colón;Radial;Colón;0;Unknown;-;-
Vía 121;121;121;;0;Unknown;-;-
Avenida 1;1;1;;0;Unknown;-;-
Avenida 25;25;25;;0;Unknown;-;-
Avenida 27;27;27;;0;Unknown;-;-
Calle 90;90;90;;0;Unknown;-;-
Calle 94A;94A;94A;;0;Unknown;-;-
Calle 96;96;96;;0;Unknown;-;-
Calle 96A;96A;96A;;0;Unknown;-;-
Avenida 18;18;18;;0;Unknown;-;-
Calle 48;48;48;;0;Unknown;-;-
Avenida 18;18;18;;0;Unknown;-;-
Avenida 16;16;16;;0;Unknown;-;-
Calle 46;46;46;;0;Unknown;-;-
Avenida 14;14;14;;0;Unknown;-;-
Radial San Antonio;Radial San Antonio;Radial;San;-2;Male;-;-
Radial San Antonio;Radial San Antonio;Radial;San;-2;Male;-;-
Calle 54;54;54;;0;Unknown;-;-
Calle 58;58;58;;0;Unknown;-;-
Transversal 40;Transversal 40;Transversal;40;0;Unknown;-;-
Transversal 40;Transversal 40;Transversal;40;0;Unknown;-;-
Avenida 11;11;11;;0;Unknown;-;-
Avenida 11;11;11;;0;Unknown;-;-
Avenida 13;13;13;;0;Unknown;-;-
Calle 96A;96A;96A;;0;Unknown;-;-
Radial Colón;Radial Colón;Radial;Colón;0;Unknown;-;-
Calle 110;110;110;;0;Unknown;-;-
Avenida 13;13;13;;0;Unknown;-;-
Avenida 57;57;57;;0;Unknown;-;-
Avenida 57;57;57;;0;Unknown;-;-
Avenida 37;37;37;;0;Unknown;-;-
Calle 48;48;48;;0;Unknown;-;-
Calle 46;46;46;;0;Unknown;-;-
Calle 76;76;76;;0;Unknown;-;-
Avenida 2;2;2;;0;Unknown;-;-
Avenida 8;8;8;;0;Unknown;-;-
Calle 54;54;54;;0;Unknown;-;-
Avenida 13;13;13;;0;Unknown;-;-
Calle 100;100;100;;0;Unknown;-;-
Transversal 100;Transversal 100;Transversal;100;0;Unknown;-;-
Calle 124;124;124;;0;Unknown;-;-
Avenida 29;29;29;;0;Unknown;-;-
Avenida 10;10;10;;0;Unknown;-;-
Avenida 14;14;14;;0;Unknown;-;-
Avenida 9;9;9;;0;Unknown;-;-
Avenida 7;7;7;;0;Unknown;-;-
Calle 100;100;100;;0;Unknown;-;-
Calle 102;102;102;;0;Unknown;-;-
Avenida 29;29;29;;0;Unknown;-;-
Calle 102;102;102;;0;Unknown;-;-
Calle 98;98;98;;0;Unknown;-;-
Avenida 23;23;23;;0;Unknown;-;-
Diagonal 23;Diagonal 23;Diagonal;23;0;Unknown;-;-
Calle 96B;96B;96B;;0;Unknown;-;-
Avenida 21;21;21;;0;Unknown;-;-
Calle Los Vargas;Los Vargas;Los;Vargas;0;Unknown;-;-
Calle 92;92;92;;0;Unknown;-;-
Barrio Los Angeles;Barrio Los Angeles;Barrio;Los;2;Female;-;-
Diagonal 23;Diagonal 23;Diagonal;23;0;Unknown;-;-
Diagonal 23;Diagonal 23;Diagonal;23;0;Unknown;-;-
Avenida 25;25;25;;0;Unknown;-;-
Avenida 23;23;23;;0;Unknown;-;-
Avenida 23;23;23;;0;Unknown;-;-
Avenida 13;13;13;;0;Unknown;-;-
Calle 34;34;34;;0;Unknown;-;-
Transversal 32;Transversal 32;Transversal;32;0;Unknown;-;-
Avenida 43;43;43;;0;Unknown;-;-
Transversal 52;Transversal 52;Transversal;52;0;Unknown;-;-
Calle 56;56;56;;0;Unknown;-;-
Avenida 39;39;39;;0;Unknown;-;-
Calle 76;76;76;;0;Unknown;-;-
Avenida 45;45;45;;0;Unknown;-;-
Avenida 45;45;45;;0;Unknown;-;-
Calle 56;56;56;;0;Unknown;-;-
Avenida 45;45;45;;0;Unknown;-;-
Calle 41;41;41;;0;Unknown;-;-
Calle 80;80;80;;0;Unknown;-;-
Calle 82;82;82;;0;Unknown;-;-
Calle 41;41;41;;0;Unknown;-;-
Avenida 39;39;39;;0;Unknown;-;-
Avenida 47;47;47;;0;Unknown;-;-
Calle 72;72;72;;0;Unknown;-;-
Avenida 47;47;47;;0;Unknown;-;-
Diagonal 47;Diagonal 47;Diagonal;47;0;Unknown;-;-
Avenida 47;47;47;;0;Unknown;-;-
Calle 60;60;60;;0;Unknown;-;-
Calle 44A;44A;44A;;0;Unknown;-;-
Calle 104;104;104;;0;Unknown;-;-
Avenida 3;3;3;;0;Unknown;-;-
Diagonal 0;Diagonal 0;Diagonal;0;0;Unknown;-;-
Avenida 10;10;10;;0;Unknown;-;-
Avenida 10A;10A;10A;;0;Unknown;-;-
Avenida 7;7;7;;0;Unknown;-;-
Avenida 5;5;5;;0;Unknown;-;-
Avenida 7;7;7;;0;Unknown;-;-
Calle 80;80;80;;0;Unknown;-;-
Avenida 7;7;7;;0;Unknown;-;-
Avenida 2A;2A;2A;;0;Unknown;-;-
Avenida 2A;2A;2A;;0;Unknown;-;-
Diagonal 2A;Diagonal 2A;Diagonal;2A;0;Unknown;-;-
Avenida 4;4;4;;0;Unknown;-;-
Calle 70;70;70;;0;Unknown;-;-
Calle 68;68;68;;0;Unknown;-;-
Avenida 1;1;1;;0;Unknown;-;-
Transversal 52;Transversal 52;Transversal;52;0;Unknown;-;-
Calle 48;48;48;;0;Unknown;-;-
Calle 44;44;44;;0;Unknown;-;-
Avenida 4;4;4;;0;Unknown;-;-
Avenida 22;22;22;;0;Unknown;-;-
Calle 34;34;34;;0;Unknown;-;-
Calle 50;50;50;;0;Unknown;-;-
Calle 42;42;42;;0;Unknown;-;-
Avenida 28;28;28;;0;Unknown;-;-
Calle 54;54;54;;0;Unknown;-;-
Avenida 16;16;16;;0;Unknown;-;-
Calle 52A;52A;52A;;0;Unknown;-;-
Calle 46A;46A;46A;;0;Unknown;-;-
Avenida 12;12;12;;0;Unknown;-;-
Calle 72;72;72;;0;Unknown;-;-
Avenida 14;14;14;;0;Unknown;-;-
Avenida 20;20;20;;0;Unknown;-;-
Avenida 20;20;20;;0;Unknown;-;-
Calle 84;84;84;;0;Unknown;-;-
Avenida 14;14;14;;0;Unknown;-;-
Calle 84A;84A;84A;;0;Unknown;-;-
Calle 82A;82A;82A;;0;Unknown;-;-
Diag. 12;Diag. 12;Diag.;12;0;Unknown;-;-
Calle 70;70;70;;0;Unknown;-;-
Diagonal 12;Diagonal 12;Diagonal;12;0;Unknown;-;-
Avenida 14;14;14;;0;Unknown;-;-
Avenida 14A;14A;14A;;0;Unknown;-;-
Avenida 16;16;16;;0;Unknown;-;-
Calle 42;42;42;;0;Unknown;-;-
Avenida 26;26;26;;0;Unknown;-;-
Verdi Condo Residences;Verdi Condo Residences;Verdi;Condo;0;Unknown;-;-
Calle 34;34;34;;0;Unknown;-;-
Avenida 43A;43A;43A;;0;Unknown;-;-
Calle 56;56;56;;0;Unknown;-;-
Autopista Próspero Fernández;pista Próspero Fernández;pista;Próspero;-2;Male;-;-
Avenida 63;63;63;;0;Unknown;-;-
Avenida 63;63;63;;0;Unknown;-;-
Calle 54A;54A;54A;;0;Unknown;-;-
Avenida 8;8;8;;0;Unknown;-;-
Autopista Próspero Fernández;pista Próspero Fernández;pista;Próspero;-2;Male;-;-
Autopista Próspero Fernández;pista Próspero Fernández;pista;Próspero;-2;Male;-;-
Autopista Próspero Fernández;pista Próspero Fernández;pista;Próspero;-2;Male;-;-
Autopista Próspero Fernández;pista Próspero Fernández;pista;Próspero;-2;Male;-;-
Autopista José María Castro Madriz;pista José María Castro Madriz;pista;José;-2;Male;-;-
Autopista José María Castro Madriz;pista José María Castro Madriz;pista;José;-2;Male;-;-
Radial Colón;Radial Colón;Radial;Colón;0;Unknown;-;-
Radial Colón;Radial Colón;Radial;Colón;0;Unknown;-;-
Avenida 1;1;1;;0;Unknown;-;-
Radial Colón;Radial Colón;Radial;Colón;0;Unknown;-;-
Radial San Antonio;Radial San Antonio;Radial;San;-2;Male;-;-
Radial San Antonio;Radial San Antonio;Radial;San;-2;Male;-;-
Radial San Antonio;Radial San Antonio;Radial;San;-2;Male;-;-
Radial Colón;Radial Colón;Radial;Colón;0;Unknown;-;-
Autopista Próspero Fernández;pista Próspero Fernández;pista;Próspero;-2;Male;-;-
Calle 12;12;12;;0;Unknown;-;-
Avenida 23;23;23;;0;Unknown;-;-
Avenida 19;19;19;;0;Unknown;-;-
Avenida 13A;13A;13A;;0;Unknown;-;-
Calle 6;6;6;;0;Unknown;-;-
Autopista Próspero Fernández;pista Próspero Fernández;pista;Próspero;-2;Male;-;-
Calle 5;5;5;;0;Unknown;-;-
Vía 121;121;121;;0;Unknown;-;-
Calle 3;3;3;;0;Unknown;-;-
Avenida 4;4;4;;0;Unknown;-;-
Avenida 3;3;3;;0;Unknown;-;-
Avenida 63;63;63;;0;Unknown;-;-
Avenida 37;37;37;;0;Unknown;-;-
Avenida 39;39;39;;0;Unknown;-;-
Calle 32;32;32;;0;Unknown;-;-
Avenida 75;75;75;;0;Unknown;-;-
Calle 28;28;28;;0;Unknown;-;-
Avenida 73A;73A;73A;;0;Unknown;-;-
Diagonal 73;Diagonal 73;Diagonal;73;0;Unknown;-;-
Calle 16;16;16;;0;Unknown;-;-
Avenida 73;73;73;;0;Unknown;-;-
Calle 20;20;20;;0;Unknown;-;-
Avenida 73;73;73;;0;Unknown;-;-
Avenida 65;65;65;;0;Unknown;-;-
Calle 22;22;22;;0;Unknown;-;-
Calle 22;22;22;;0;Unknown;-;-
Avenida 67A;67A;67A;;0;Unknown;-;-
Calle 30;30;30;;0;Unknown;-;-
Calle 8;8;8;;0;Unknown;-;-
Avenida 7;7;7;;0;Unknown;-;-
Avenida 9;9;9;;0;Unknown;-;-
Calle 4;4;4;;0;Unknown;-;-
Avenida 11;11;11;;0;Unknown;-;-
Avenida Central;Central;Central;;0;Unknown;-;-
Calle 2;2;2;;0;Unknown;-;-
Calle 12;12;12;;0;Unknown;-;-
Avenida 0;0;0;;0;Unknown;-;-
Vía 121;121;121;;0;Unknown;-;-
Autopista Próspero Fernández;pista Próspero Fernández;pista;Próspero;-2;Male;-;-
Autopista Próspero Fernández;pista Próspero Fernández;pista;Próspero;-2;Male;-;-
Autopista Próspero Fernández;pista Próspero Fernández;pista;Próspero;-2;Male;-;-
Autopista Próspero Fernández;pista Próspero Fernández;pista;Próspero;-2;Male;-;-
Calle 6;6;6;;0;Unknown;-;-
Avenida 7;7;7;;0;Unknown;-;-
Autopista Próspero Fernández;pista Próspero Fernández;pista;Próspero;-2;Male;-;-
Autopista Próspero Fernández;pista Próspero Fernández;pista;Próspero;-2;Male;-;-
Autopista Próspero Fernández;pista Próspero Fernández;pista;Próspero;-2;Male;-;-
Autopista Próspero Fernández;pista Próspero Fernández;pista;Próspero;-2;Male;-;-
Vía 310;310;310;;0;Unknown;-;-
Calle 32;32;32;;0;Unknown;-;-
Avenida 73;73;73;;0;Unknown;-;-
Calle 14A;14A;14A;;0;Unknown;-;-
Vía 310;310;310;;0;Unknown;-;-
Vía 310;310;310;;0;Unknown;-;-
Calle 16;16;16;;0;Unknown;-;-
Avenida 24;24;24;;0;Unknown;-;-
Calle Central;Central;Central;;0;Unknown;-;-
Calle 1;1;1;;0;Unknown;-;-
Calle 1;1;1;;0;Unknown;-;-
Radial Santa Ana;Radial Santa Ana;Radial;Santa;2;Female;-;-
Calle Central;Central;Central;;0;Unknown;-;-
Calle 2;2;2;;0;Unknown;-;-
Calle Central;Central;Central;;0;Unknown;-;-
Calle 8;8;8;;0;Unknown;-;-
Avenida 8;8;8;;0;Unknown;-;-
Autopista Próspero Fernández;pista Próspero Fernández;pista;Próspero;-2;Male;-;-
Autopista Próspero Fernández;pista Próspero Fernández;pista;Próspero;-2;Male;-;-
Autopista Próspero Fernández;pista Próspero Fernández;pista;Próspero;-2;Male;-;-
Avenida 1;1;1;;0;Unknown;-;-
Calle 1;1;1;;0;Unknown;-;-
Calle 4;4;4;;0;Unknown;-;-
Calle 4;4;4;;0;Unknown;-;-
Vía 310;310;310;;0;Unknown;-;-
Calle 2;2;2;;0;Unknown;-;-
Avenida 13;13;13;;0;Unknown;-;-
Avenida 15;15;15;;0;Unknown;-;-
Calle 10;10;10;;0;Unknown;-;-
Calle 12;12;12;;0;Unknown;-;-
Calle Central;Central;Central;;0;Unknown;-;-
Avenida 5;5;5;;0;Unknown;-;-
Avenida 8A;8A;8A;;0;Unknown;-;-
Calle 24;24;24;;0;Unknown;-;-
Avenida 3;3;3;;0;Unknown;-;-
Calle 5;5;5;;0;Unknown;-;-
Avenida 5;5;5;;0;Unknown;-;-
Calle 9;9;9;;0;Unknown;-;-
Diagonal 4;Diagonal 4;Diagonal;4;0;Unknown;-;-
Avenida 0A;0A;0A;;0;Unknown;-;-
Calle 13;13;13;;0;Unknown;-;-
Diagonal 6;Diagonal 6;Diagonal;6;0;Unknown;-;-
Calle 3;3;3;;0;Unknown;-;-
Avenida 6;6;6;;0;Unknown;-;-
Avenida 16;16;16;;0;Unknown;-;-
Calle 11;11;11;;0;Unknown;-;-
Diagonal 4;Diagonal 4;Diagonal;4;0;Unknown;-;-
Calle 5;5;5;;0;Unknown;-;-
Avenida 6;6;6;;0;Unknown;-;-
Avenida 6A;6A;6A;;0;Unknown;-;-
Calle 3;3;3;;0;Unknown;-;-
Calle 3;3;3;;0;Unknown;-;-
Acceso 8;Acceso 8;Acceso;8;0;Unknown;-;-
Diagonal 3;Diagonal 3;Diagonal;3;0;Unknown;-;-
Calle 25;25;25;;0;Unknown;-;-
Diagonal 3;Diagonal 3;Diagonal;3;0;Unknown;-;-
Avenida 3;3;3;;0;Unknown;-;-
Calle 23;23;23;;0;Unknown;-;-
Transversal 11;Transversal 11;Transversal;11;0;Unknown;-;-
Avenida 0;0;0;;0;Unknown;-;-
Calle 10;10;10;;0;Unknown;-;-
Calle 26;26;26;;0;Unknown;-;-
Calle 10;10;10;;0;Unknown;-;-
Avenida 21;21;21;;0;Unknown;-;-
Vía 310;310;310;;0;Unknown;-;-
Vía 310;310;310;;0;Unknown;-;-
Avenida 55;55;55;;0;Unknown;-;-
Avenida 7;7;7;;0;Unknown;-;-
Calle 11;11;11;;0;Unknown;-;-
Avenida 39A;39A;39A;;0;Unknown;-;-
Avenida 43;43;43;;0;Unknown;-;-
Avenida 49A;49A;49A;;0;Unknown;-;-
Calle 14;14;14;;0;Unknown;-;-
Avenida 39;39;39;;0;Unknown;-;-
Calle 0;0;0;;0;Unknown;-;-
Calle 6;6;6;;0;Unknown;-;-
Avenida 63;63;63;;0;Unknown;-;-
Calle 17;17;17;;0;Unknown;-;-
Avenida 41;41;41;;0;Unknown;-;-
Avenida 49;49;49;;0;Unknown;-;-
Avenida Real Oeste;Real Oeste;Real;Oeste;0;Unknown;-;-
Avenida Real Este;Real Este;Real;Este;0;Unknown;-;-
Avenida 55;55;55;;0;Unknown;-;-
Avenida 53;53;53;;0;Unknown;-;-
Calle 14;14;14;;0;Unknown;-;-
Avenida Real Oeste;Real Oeste;Real;Oeste;0;Unknown;-;-
Calle 17;17;17;;0;Unknown;-;-
Calle 17;17;17;;0;Unknown;-;-
Avenida Real Oeste;Real Oeste;Real;Oeste;0;Unknown;-;-
Avenida 39;39;39;;0;Unknown;-;-
Avenida 51;51;51;;0;Unknown;-;-
Avenida 41;41;41;;0;Unknown;-;-
Avenida Real Oeste;Real Oeste;Real;Oeste;0;Unknown;-;-
Avenida Real Oeste;Real Oeste;Real;Oeste;0;Unknown;-;-
Avenida 67;67;67;;0;Unknown;-;-
Avenida 51;51;51;;0;Unknown;-;-
Calle 19;19;19;;0;Unknown;-;-
Calle 17;17;17;;0;Unknown;-;-
Avenida 20;20;20;;0;Unknown;-;-
Avenida 24;24;24;;0;Unknown;-;-
Calle 11;11;11;;0;Unknown;-;-
Avenida 10;10;10;;0;Unknown;-;-
Diagonal 6;Diagonal 6;Diagonal;6;0;Unknown;-;-
Avenida 24;24;24;;0;Unknown;-;-
Avenida 11;11;11;;0;Unknown;-;-
Calle 20;20;20;;0;Unknown;-;-
Calle 0;0;0;;0;Unknown;-;-
Calle 6;6;6;;0;Unknown;-;-
Avenida 23B;23B;23B;;0;Unknown;-;-
Acceso 5;Acceso 5;Acceso;5;0;Unknown;-;-
Acceso 7;Acceso 7;Acceso;7;0;Unknown;-;-
Diagonal 39;Diagonal 39;Diagonal;39;0;Unknown;-;-
Transversal 19;Transversal 19;Transversal;19;0;Unknown;-;-
Calle 178;178;178;;0;Unknown;-;-
Avenida 59;59;59;;0;Unknown;-;-
Avenida 69;69;69;;0;Unknown;-;-
Calle 7;7;7;;0;Unknown;-;-
Avenida 0;0;0;;0;Unknown;-;-
Avenida 0;0;0;;0;Unknown;-;-
Radial San Antonio;Radial San Antonio;Radial;San;-2;Male;-;-
Transversal 23;Transversal 23;Transversal;23;0;Unknown;-;-
Avenida Real Oeste;Real Oeste;Real;Oeste;0;Unknown;-;-
Calle 32B;32B;32B;;0;Unknown;-;-
Calle 32A;32A;32A;;0;Unknown;-;-
Calle 32;32;32;;0;Unknown;-;-
Avenida 21;21;21;;0;Unknown;-;-
Avenida 18A;18A;18A;;0;Unknown;-;-
Calle 28;28;28;;0;Unknown;-;-
Avenida 2A;2A;2A;;0;Unknown;-;-
Vía 310;310;310;;0;Unknown;-;-
Calle 26;26;26;;0;Unknown;-;-
Calle 9;9;9;;0;Unknown;-;-
Radial Santa Ana;Radial Santa Ana;Radial;Santa;2;Female;-;-
Radial San Antonio;Radial San Antonio;Radial;San;-2;Male;-;-
Avenida 2;2;2;;0;Unknown;-;-
Calle 16;16;16;;0;Unknown;-;-
Avenida 19;19;19;;0;Unknown;-;-
Calle 18;18;18;;0;Unknown;-;-
Calle 20;20;20;;0;Unknown;-;-
Avenida 37A;37A;37A;;0;Unknown;-;-
Avenida 61;61;61;;0;Unknown;-;-
Calle 28;28;28;;0;Unknown;-;-
Calle 22;22;22;;0;Unknown;-;-
Avenida 2;2;2;;0;Unknown;-;-
Calle 6;6;6;;0;Unknown;-;-
Avenida 7;7;7;;0;Unknown;-;-
Vía 311;311;311;;0;Unknown;-;-
Calle 7;7;7;;0;Unknown;-;-
Vía 310;310;310;;0;Unknown;-;-
Avenida 6A;6A;6A;;0;Unknown;-;-
Calle 6;6;6;;0;Unknown;-;-
Avenida 27A;27A;27A;;0;Unknown;-;-
Avenida 31;31;31;;0;Unknown;-;-
Avenida 29;29;29;;0;Unknown;-;-
Avenida 33;33;33;;0;Unknown;-;-
Calle 10A;10A;10A;;0;Unknown;-;-
Avenida 21;21;21;;0;Unknown;-;-
Avenida 20A;20A;20A;;0;Unknown;-;-
Avenida 24;24;24;;0;Unknown;-;-
Calle 178;178;178;;0;Unknown;-;-
Avenida Real Este;Real Este;Real;Este;0;Unknown;-;-
Avenida 69A;69A;69A;;0;Unknown;-;-
Avenida 47;47;47;;0;Unknown;-;-
Avenida 35;35;35;;0;Unknown;-;-
Avenida 35A;35A;35A;;0;Unknown;-;-
Autopista Próspero Fernández;pista Próspero Fernández;pista;Próspero;-2;Male;-;-
Calle 22;22;22;;0;Unknown;-;-
Avenida 59A;59A;59A;;0;Unknown;-;-
Avenida 51;51;51;;0;Unknown;-;-
Calle 33;33;33;;0;Unknown;-;-
Calle 7;7;7;;0;Unknown;-;-
Avenida 11;11;11;;0;Unknown;-;-
Calle 2;2;2;;0;Unknown;-;-
Calle 24;24;24;;0;Unknown;-;-
Avenida 24;24;24;;0;Unknown;-;-
Avenida 24;24;24;;0;Unknown;-;-
Avenida 6A;6A;6A;;0;Unknown;-;-
Avenida 6A;6A;6A;;0;Unknown;-;-
Calle 1;1;1;;0;Unknown;-;-
Calle 6;6;6;;0;Unknown;-;-
Vía 311;311;311;;0;Unknown;-;-
Avenida 6;6;6;;0;Unknown;-;-
Radial San Antonio;Radial San Antonio;Radial;San;-2;Male;-;-
Radial San Antonio;Radial San Antonio;Radial;San;-2;Male;-;-
Radial Santa Ana;Radial Santa Ana;Radial;Santa;2;Female;-;-
Radial Santa Ana;Radial Santa Ana;Radial;Santa;2;Female;-;-
Avenida 3;3;3;;0;Unknown;-;-
Vía 121;121;121;;0;Unknown;-;-
Vía 121;121;121;;0;Unknown;-;-
Avenida 61A;61A;61A;;0;Unknown;-;-
Carretera John F. Kennedy;Carretera John F. Kennedy;Carretera;John;-2;Male;-;-
Carretera John F. Kennedy;Carretera John F. Kennedy;Carretera;John;-2;Male;-;-
Avenida 1;1;1;;0;Unknown;-;-
Avenida 1;1;1;;0;Unknown;-;-
Avenida 3;3;3;;0;Unknown;-;-
Avenida 3;3;3;;0;Unknown;-;-
Calle 2;2;2;;0;Unknown;-;-
Calle Central;Central;Central;;0;Unknown;-;-
Calle 2;2;2;;0;Unknown;-;-
Radial Santa Ana;Radial Santa Ana;Radial;Santa;2;Female;-;-
Radial Santa Ana;Radial Santa Ana;Radial;Santa;2;Female;-;-
Radial San Antonio;Radial San Antonio;Radial;San;-2;Male;-;-
Radial San Antonio;Radial San Antonio;Radial;San;-2;Male;-;-
Radial San Antonio;Radial San Antonio;Radial;San;-2;Male;-;-
Residenciales Los Jardines 1;Residenciales Los es 1;Residenciales;Los;0;Unknown;-;-
Calle 14;14;14;;0;Unknown;-;-
Autopista Próspero Fernández;pista Próspero Fernández;pista;Próspero;-2;Male;-;-
Autopista Próspero Fernández;pista Próspero Fernández;pista;Próspero;-2;Male;-;-
Autopista Próspero Fernández;pista Próspero Fernández;pista;Próspero;-2;Male;-;-
Autopista Próspero Fernández;pista Próspero Fernández;pista;Próspero;-2;Male;-;-
Autopista Próspero Fernández;pista Próspero Fernández;pista;Próspero;-2;Male;-;-
Autopista Próspero Fernández;pista Próspero Fernández;pista;Próspero;-2;Male;-;-
Autopista Próspero Fernández;pista Próspero Fernández;pista;Próspero;-2;Male;-;-
Calle 27;27;27;;0;Unknown;-;-
Calle 12;12;12;;0;Unknown;-;-
Calle 26A;26A;26A;;0;Unknown;-;-
Avenida 3;3;3;;0;Unknown;-;-
Avenida 0A;0A;0A;;0;Unknown;-;-
Calle 1;1;1;;0;Unknown;-;-
Radial San Antonio;Radial San Antonio;Radial;San;-2;Male;-;-
Vía 310;310;310;;0;Unknown;-;-
Vía 310;310;310;;0;Unknown;-;-
Calle 14;14;14;;0;Unknown;-;-
Avenida 29;29;29;;0;Unknown;-;-
Avenida 3A;3A;3A;;0;Unknown;-;-
Avenida 55A;55A;55A;;0;Unknown;-;-
Avenida 23;23;23;;0;Unknown;-;-
Avenida 7;7;7;;0;Unknown;-;-
Avenida 6;6;6;;0;Unknown;-;-
Avenida 17;17;17;;0;Unknown;-;-
Avenida 23A;23A;23A;;0;Unknown;-;-
Calle 20;20;20;;0;Unknown;-;-
Calle 20A;20A;20A;;0;Unknown;-;-
Calle 22;22;22;;0;Unknown;-;-
Calle 10A;10A;10A;;0;Unknown;-;-
Calle 10B;10B;10B;;0;Unknown;-;-
Calle 10A;10A;10A;;0;Unknown;-;-
Avenida 0;0;0;;0;Unknown;-;-
Calle 20;20;20;;0;Unknown;-;-
Avenida 37;37;37;;0;Unknown;-;-
Avenida 16;16;16;;0;Unknown;-;-
Avenida 24;24;24;;0;Unknown;-;-
Calle Chirracal;Chirracal;Chirracal;;0;Unknown;-;-
Avenida 37A;37A;37A;;0;Unknown;-;-
Avenida 63;63;63;;0;Unknown;-;-
Calle 32;32;32;;0;Unknown;-;-
Calle 32;32;32;;0;Unknown;-;-
Calle 9;9;9;;0;Unknown;-;-
Vía 310;310;310;;0;Unknown;-;-
Vía 310;310;310;;0;Unknown;-;-
Vía 310;310;310;;0;Unknown;-;-
Avenida 4;4;4;;0;Unknown;-;-
Avenida 33;33;33;;0;Unknown;-;-
Calle 6;6;6;;0;Unknown;-;-
Avenida 65;65;65;;0;Unknown;-;-
Avenida 67;67;67;;0;Unknown;-;-
Calle 14;14;14;;0;Unknown;-;-
Avenida 71;71;71;;0;Unknown;-;-
Avenida 71;71;71;;0;Unknown;-;-
Calle 14A;14A;14A;;0;Unknown;-;-
Calle 22A;22A;22A;;0;Unknown;-;-
Avenida 69;69;69;;0;Unknown;-;-
Avenida 69;69;69;;0;Unknown;-;-
Calle 18A;18A;18A;;0;Unknown;-;-
Avenida 69;69;69;;0;Unknown;-;-
Avenida 71;71;71;;0;Unknown;-;-
Calle 26;26;26;;0;Unknown;-;-
Calle 30;30;30;;0;Unknown;-;-
Avenida 75;75;75;;0;Unknown;-;-
Avenida 73;73;73;;0;Unknown;-;-
Avenida 51;51;51;;0;Unknown;-;-
Calle 14A;14A;14A;;0;Unknown;-;-
Calle 16;16;16;;0;Unknown;-;-
Calle 16A;16A;16A;;0;Unknown;-;-
Calle 14;14;14;;0;Unknown;-;-
Avenida 45A;45A;45A;;0;Unknown;-;-
Calle 19;19;19;;0;Unknown;-;-
Avenida 29;29;29;;0;Unknown;-;-
Calle 2;2;2;;0;Unknown;-;-
Calle 1;1;1;;0;Unknown;-;-
Calle 0;0;0;;0;Unknown;-;-
Calle 19;19;19;;0;Unknown;-;-
Avenida 21;21;21;;0;Unknown;-;-
Diagonal 23;Diagonal 23;Diagonal;23;0;Unknown;-;-
Calle 17;17;17;;0;Unknown;-;-
Calle 15;15;15;;0;Unknown;-;-
Calle 15;15;15;;0;Unknown;-;-
Calle 15;15;15;;0;Unknown;-;-
Avenida 13;13;13;;0;Unknown;-;-
Calle 11;11;11;;0;Unknown;-;-
Avenida 1;1;1;;0;Unknown;-;-
Calle 15;15;15;;0;Unknown;-;-
Avenida 7;7;7;;0;Unknown;-;-
Avenida 9;9;9;;0;Unknown;-;-
Calle 25;25;25;;0;Unknown;-;-
Calle 37;37;37;;0;Unknown;-;-
Avenida 7;7;7;;0;Unknown;-;-
Avenida 5;5;5;;0;Unknown;-;-
Calle 13;13;13;;0;Unknown;-;-
Calle 33;33;33;;0;Unknown;-;-
Avenida 0;0;0;;0;Unknown;-;-
Calle 29;29;29;;0;Unknown;-;-
Calle 29;29;29;;0;Unknown;-;-
Avenida 10;10;10;;0;Unknown;-;-
Calle 27A;27A;27A;;0;Unknown;-;-
Avenida 0;0;0;;0;Unknown;-;-
Calle 25;25;25;;0;Unknown;-;-
Avenida 0;0;0;;0;Unknown;-;-
Calle Puente Tierra;Puente Tierra;Puente;Tierra;0;Unknown;-;-
Avenida 8;8;8;;0;Unknown;-;-
Calle 13;13;13;;0;Unknown;-;-
Calle 20;20;20;;0;Unknown;-;-
Avenida 20;20;20;;0;Unknown;-;-
Calle 6;6;6;;0;Unknown;-;-
Calle 10;10;10;;0;Unknown;-;-
Avenida 10;10;10;;0;Unknown;-;-
Avenida 8;8;8;;0;Unknown;-;-
Calle 24;24;24;;0;Unknown;-;-
Calle 2;2;2;;0;Unknown;-;-
Avenida 23;23;23;;0;Unknown;-;-
Autopista Próspero Fernández;pista Próspero Fernández;pista;Próspero;-2;Male;-;-
Autopista Próspero Fernández;pista Próspero Fernández;pista;Próspero;-2;Male;-;-
Autopista Próspero Fernández;pista Próspero Fernández;pista;Próspero;-2;Male;-;-
Autopista Próspero Fernández;pista Próspero Fernández;pista;Próspero;-2;Male;-;-
Calle Trapiche Viejo;Trapiche Viejo;Trapiche;Viejo;0;Unknown;-;-
Calle Coyotes;Coyotes;Coyotes;;0;Unknown;-;-
Calle 2;2;2;;0;Unknown;-;-
Avenida 18;18;18;;0;Unknown;-;-
Calle 12;12;12;;0;Unknown;-;-
Avenida 3;3;3;;0;Unknown;-;-
Calle 10B;10B;10B;;0;Unknown;-;-
Vía 310;310;310;;0;Unknown;-;-
Avenida Real Este;Real Este;Real;Este;0;Unknown;-;-
Acceso 5;Acceso 5;Acceso;5;0;Unknown;-;-
Acceso 6;Acceso 6;Acceso;6;0;Unknown;-;-
Avenida 5;5;5;;0;Unknown;-;-
Vía 310;310;310;;0;Unknown;-;-
Radial San Antonio;Radial San Antonio;Radial;San;-2;Male;-;-
Radial San Antonio;Radial San Antonio;Radial;San;-2;Male;-;-
Radial San Antonio;Radial San Antonio;Radial;San;-2;Male;-;-
Radial San Antonio;Radial San Antonio;Radial;San;-2;Male;-;-
Acceso 3;Acceso 3;Acceso;3;0;Unknown;-;-
Acceso 9;Acceso 9;Acceso;9;0;Unknown;-;-
Acceso 10;Acceso 10;Acceso;10;0;Unknown;-;-
Calle 14;14;14;;0;Unknown;-;-
Avenida 31;31;31;;0;Unknown;-;-
Avenida 31;31;31;;0;Unknown;-;-
Calle 50;50;50;;0;Unknown;-;-
Avenida 34;34;34;;0;Unknown;-;-
Avenida 34;34;34;;0;Unknown;-;-
Calle 32;32;32;;0;Unknown;-;-
Avenida 40;40;40;;0;Unknown;-;-
Diagonal 26;Diagonal 26;Diagonal;26;0;Unknown;-;-
Avenida 88;88;88;;0;Unknown;-;-
Calle 50;50;50;;0;Unknown;-;-
Calle 42;42;42;;0;Unknown;-;-
Avenida 34;34;34;;0;Unknown;-;-
Avenida 36;36;36;;0;Unknown;-;-
Calle 54;54;54;;0;Unknown;-;-
Calle 50;50;50;;0;Unknown;-;-
Avenida 96;96;96;;0;Unknown;-;-
Avenida 100;100;100;;0;Unknown;-;-
Calle 35;35;35;;0;Unknown;-;-
Diagonal 94;Diagonal 94;Diagonal;94;0;Unknown;-;-
Calle 0;0;0;;0;Unknown;-;-
Calle 0;0;0;;0;Unknown;-;-
Calle 0;0;0;;0;Unknown;-;-
Avenida 58;58;58;;0;Unknown;-;-
Avenida 58;58;58;;0;Unknown;-;-
Calle 35;35;35;;0;Unknown;-;-
Calle 7;7;7;;0;Unknown;-;-
Calle 5;5;5;;0;Unknown;-;-
Transversal 7;Transversal 7;Transversal;7;0;Unknown;-;-
Calle 7;7;7;;0;Unknown;-;-
Calle 28B;28B;28B;;0;Unknown;-;-
Calle 11;11;11;;0;Unknown;-;-
Avenida 32;32;32;;0;Unknown;-;-
Calle 32;32;32;;0;Unknown;-;-
Calle 35;35;35;;0;Unknown;-;-
Avenida 38;38;38;;0;Unknown;-;-
Calle 178;178;178;;0;Unknown;-;-
Avenida 62;62;62;;0;Unknown;-;-
Calle 3;3;3;;0;Unknown;-;-
Avenida 56;56;56;;0;Unknown;-;-
Calle 0;0;0;;0;Unknown;-;-
Avenida 44;44;44;;0;Unknown;-;-
Avenida 46;46;46;;0;Unknown;-;-
Calle 24;24;24;;0;Unknown;-;-
Calle 24;24;24;;0;Unknown;-;-
Calle 24;24;24;;0;Unknown;-;-
Diagonal 98;Diagonal 98;Diagonal;98;0;Unknown;-;-
Diagonal 34A;Diagonal 34A;Diagonal;34A;0;Unknown;-;-
Vía 311;311;311;;0;Unknown;-;-
Calle 24;24;24;;0;Unknown;-;-
Calle 3;3;3;;0;Unknown;-;-
Calle 3;3;3;;0;Unknown;-;-
Calle 0;0;0;;0;Unknown;-;-
Calle 0;0;0;;0;Unknown;-;-
Avenida 38;38;38;;0;Unknown;-;-
Avenida 38;38;38;;0;Unknown;-;-
Avenida 88;88;88;;0;Unknown;-;-
Diagonal 98;Diagonal 98;Diagonal;98;0;Unknown;-;-
Calle 7;7;7;;0;Unknown;-;-
Calle 27;27;27;;0;Unknown;-;-
Diagonal 34A;Diagonal 34A;Diagonal;34A;0;Unknown;-;-
Avenida 54;54;54;;0;Unknown;-;-
Calle 7;7;7;;0;Unknown;-;-
Calle 27;27;27;;0;Unknown;-;-
Calle 27;27;27;;0;Unknown;-;-
Avenida 54;54;54;;0;Unknown;-;-
Avenida 54;54;54;;0;Unknown;-;-
Avenida 54;54;54;;0;Unknown;-;-
Diagonal 34A;Diagonal 34A;Diagonal;34A;0;Unknown;-;-
Calle Bebedero;Bebedero;Bebedero;;0;Unknown;-;-
Calle 35;35;35;;0;Unknown;-;-
Calle 35;35;35;;0;Unknown;-;-
Calle 29;29;29;;0;Unknown;-;-
Diagonal 68;Diagonal 68;Diagonal;68;0;Unknown;-;-
Avenida 100;100;100;;0;Unknown;-;-
Calle 21;21;21;;0;Unknown;-;-
Avenida 62;62;62;;0;Unknown;-;-
Avenida 82;82;82;;0;Unknown;-;-
Calle 28;28;28;;0;Unknown;-;-
Avenida 58;58;58;;0;Unknown;-;-
Calle 3;3;3;;0;Unknown;-;-
Calle 2;2;2;;0;Unknown;-;-
Avenida 62;62;62;;0;Unknown;-;-
Calle 5;5;5;;0;Unknown;-;-
Calle 5;5;5;;0;Unknown;-;-
Calle 19;19;19;;0;Unknown;-;-
Avenida 34;34;34;;0;Unknown;-;-
Calle 28;28;28;;0;Unknown;-;-
Avenida 36;36;36;;0;Unknown;-;-
Diagonal 68;Diagonal 68;Diagonal;68;0;Unknown;-;-
Diagonal 68;Diagonal 68;Diagonal;68;0;Unknown;-;-
Diagonal 34;Diagonal 34;Diagonal;34;0;Unknown;-;-
